shipment_id,site_id,timestamp,temperature_c,humidity_pct,gps_lat,gps_lon,excursion_flag
SHP-001,SITE-001,2025-07-01T00:00:00,6.5,56.4,50.1192,9.9329,0
SHP-001,SITE-001,2025-07-01T08:00:00,4.53,58.4,50.2199,10.034,0
SHP-001,SITE-001,2025-07-01T16:00:00,7.31,66.3,49.9126,10.2828,0
SHP-001,SITE-001,2025-07-02T00:00:00,6.92,65.7,50.2755,10.2854,0
SHP-001,SITE-001,2025-07-02T08:00:00,4.46,42.7,50.3059,10.4005,0
SHP-001,SITE-001,2025-07-02T16:00:00,4.44,56.6,50.456,10.2828,0
SHP-001,SITE-001,2025-07-03T00:00:00,6.49,52.1,50.486,10.7762,0
SHP-001,SITE-001,2025-07-03T08:00:00,7.14,53.4,50.5395,10.5738,0
SHP-001,SITE-001,2025-07-03T16:00:00,4.91,51.1,50.466,10.7361,0
SHP-001,SITE-001,2025-07-04T00:00:00,5.05,55.3,50.829,10.8282,0
SHP-001,SITE-001,2025-07-04T08:00:00,4.28,49.2,50.6695,11.0055,0
SHP-001,SITE-001,2025-07-04T16:00:00,5.32,64.8,50.6471,10.9512,0
SHP-001,SITE-001,2025-07-05T00:00:00,4.53,50.4,50.7457,11.1441,0
SHP-001,SITE-001,2025-07-05T08:00:00,5.66,47.9,50.723,11.4365,0
SHP-001,SITE-001,2025-07-05T16:00:00,4.68,58.6,50.9509,11.3562,0
SHP-001,SITE-001,2025-07-06T00:00:00,30.26,50.0,51.152,11.6704,1
SHP-001,SITE-001,2025-07-06T08:00:00,6.22,71.4,50.9932,11.538,0
SHP-001,SITE-001,2025-07-06T16:00:00,3.51,52.3,51.0685,11.6717,0
SHP-001,SITE-001,2025-07-07T00:00:00,5.23,59.8,51.1919,11.9235,0
SHP-001,SITE-001,2025-07-07T08:00:00,4.54,43.3,51.3982,11.7778,0
SHP-001,SITE-001,2025-07-07T16:00:00,7.49,52.0,51.4184,11.9484,0
SHP-001,SITE-001,2025-07-08T00:00:00,4.65,77.7,51.3719,12.136,0
SHP-001,SITE-001,2025-07-08T08:00:00,7.08,38.1,51.5522,12.3731,0
SHP-001,SITE-001,2025-07-08T16:00:00,4.03,66.2,51.4956,12.0272,0
SHP-001,SITE-001,2025-07-09T00:00:00,5.49,62.9,51.5157,12.3363,0
SHP-001,SITE-001,2025-07-09T08:00:00,6.21,57.5,51.631,12.4744,0
SHP-001,SITE-001,2025-07-09T16:00:00,5.11,57.5,51.7048,12.6315,0
SHP-001,SITE-001,2025-07-10T00:00:00,4.19,69.1,52.0001,12.6695,0
SHP-001,SITE-001,2025-07-10T08:00:00,4.71,55.7,51.7961,12.972,0
SHP-001,SITE-001,2025-07-10T16:00:00,6.5,53.0,52.0067,13.0213,0
SHP-002,SITE-020,2025-07-05T00:00:00,5.62,64.9,50.0135,9.9358,0
SHP-002,SITE-020,2025-07-05T07:00:00,5.62,53.4,50.0615,10.2237,0
SHP-002,SITE-020,2025-07-05T14:00:00,3.45,59.8,50.0998,10.0786,0
SHP-002,SITE-020,2025-07-05T21:00:00,4.87,58.9,50.0493,10.1661,0
SHP-002,SITE-020,2025-07-06T05:00:00,2.1,52.9,50.232,10.2843,0
SHP-002,SITE-020,2025-07-06T12:00:00,6.49,63.0,50.1532,10.335,0
SHP-002,SITE-020,2025-07-06T19:00:00,2.77,56.9,50.2977,10.464,0
SHP-002,SITE-020,2025-07-07T02:00:00,5.61,51.2,50.383,10.4102,0
SHP-002,SITE-020,2025-07-07T10:00:00,4.2,69.6,50.4718,10.6685,0
SHP-002,SITE-020,2025-07-07T17:00:00,4.26,55.6,50.3977,10.8312,0
SHP-002,SITE-020,2025-07-08T00:00:00,2.41,47.0,50.4829,10.6172,0
SHP-002,SITE-020,2025-07-08T07:00:00,4.51,70.2,50.6144,10.7267,0
SHP-002,SITE-020,2025-07-08T15:00:00,6.27,45.9,50.607,10.9068,0
SHP-002,SITE-020,2025-07-08T22:00:00,4.76,44.1,50.615,10.9189,0
SHP-002,SITE-020,2025-07-09T05:00:00,3.59,46.9,50.6938,10.8053,0
SHP-002,SITE-020,2025-07-09T12:00:00,7.49,72.2,50.6511,11.1226,0
SHP-002,SITE-020,2025-07-09T20:00:00,1.5,66.3,50.8242,11.1594,0
SHP-002,SITE-020,2025-07-10T03:00:00,5.35,62.0,51.0514,11.228,0
SHP-002,SITE-020,2025-07-10T10:00:00,4.44,58.6,50.9062,11.2635,0
SHP-002,SITE-020,2025-07-10T17:00:00,4.31,62.2,50.69,11.4534,0
SHP-002,SITE-020,2025-07-11T01:00:00,5.49,43.3,51.0515,11.3389,0
SHP-002,SITE-020,2025-07-11T08:00:00,0.72,32.5,51.079,11.4647,0
SHP-002,SITE-020,2025-07-11T15:00:00,25.45,41.8,51.1526,11.5488,1
SHP-002,SITE-020,2025-07-11T22:00:00,3.77,65.8,51.0983,11.7141,0
SHP-002,SITE-020,2025-07-12T06:00:00,5.14,70.3,51.1301,11.6595,0
SHP-002,SITE-020,2025-07-12T13:00:00,6.34,62.6,51.0925,11.4639,0
SHP-002,SITE-020,2025-07-12T20:00:00,2.32,47.2,51.1493,11.9675,0
SHP-002,SITE-020,2025-07-13T03:00:00,8.17,55.2,51.2871,11.8283,0
SHP-002,SITE-020,2025-07-13T11:00:00,3.37,60.4,51.3586,11.8787,0
SHP-002,SITE-020,2025-07-13T18:00:00,5.17,55.7,51.4438,12.0527,0
SHP-002,SITE-020,2025-07-14T01:00:00,2.06,55.8,51.4318,12.0468,0
SHP-002,SITE-020,2025-07-14T08:00:00,4.43,37.5,51.2982,12.2319,0
SHP-002,SITE-020,2025-07-14T16:00:00,2.45,58.1,51.4797,12.1633,0
SHP-002,SITE-020,2025-07-14T23:00:00,3.65,64.8,51.427,12.3699,0
SHP-002,SITE-020,2025-07-15T06:00:00,3.87,64.0,51.6195,12.3762,0
SHP-002,SITE-020,2025-07-15T13:00:00,5.87,44.7,51.6722,12.3965,0
SHP-002,SITE-020,2025-07-15T21:00:00,5.11,59.3,51.5451,12.5001,0
SHP-002,SITE-020,2025-07-16T04:00:00,3.06,60.7,51.7245,12.701,0
SHP-002,SITE-020,2025-07-16T11:00:00,5.19,58.2,51.7854,12.7799,0
SHP-002,SITE-020,2025-07-16T18:00:00,5.91,51.1,51.9838,12.7912,0
SHP-002,SITE-020,2025-07-17T02:00:00,3.73,61.5,51.8729,12.6232,0
SHP-002,SITE-020,2025-07-17T09:00:00,5.03,58.9,51.7259,12.8651,0
SHP-002,SITE-020,2025-07-17T16:00:00,6.66,56.1,51.7791,12.72,0
SHP-003,SITE-018,2025-07-13T00:00:00,6.23,50.7,49.8036,9.9688,0
SHP-003,SITE-018,2025-07-13T12:00:00,7.2,67.4,50.053,10.0648,0
SHP-003,SITE-018,2025-07-14T00:00:00,3.84,75.3,49.9857,10.4404,0
SHP-003,SITE-018,2025-07-14T12:00:00,4.15,53.4,50.1186,10.4852,0
SHP-003,SITE-018,2025-07-15T00:00:00,5.47,58.1,50.4217,10.426,0
SHP-003,SITE-018,2025-07-15T12:00:00,7.82,58.0,50.5358,10.7617,0
SHP-003,SITE-018,2025-07-16T00:00:00,3.85,41.8,50.5409,10.6931,0
SHP-003,SITE-018,2025-07-16T12:00:00,5.03,60.7,50.5607,10.8906,0
SHP-003,SITE-018,2025-07-17T00:00:00,5.46,65.9,50.531,11.1733,0
SHP-003,SITE-018,2025-07-17T12:00:00,4.51,22.0,50.7845,11.0373,0
SHP-003,SITE-018,2025-07-18T00:00:00,6.82,37.4,50.8547,11.2431,0
SHP-003,SITE-018,2025-07-18T12:00:00,31.97,43.2,50.8861,11.2487,1
SHP-003,SITE-018,2025-07-19T00:00:00,5.71,58.3,50.856,11.4833,0
SHP-003,SITE-018,2025-07-19T12:00:00,6.52,81.0,51.0232,11.4814,0
SHP-003,SITE-018,2025-07-20T00:00:00,6.23,70.6,51.1947,11.5354,0
SHP-003,SITE-018,2025-07-20T12:00:00,5.14,62.2,51.2665,11.928,0
SHP-003,SITE-018,2025-07-21T00:00:00,4.49,52.7,51.258,11.9413,0
SHP-003,SITE-018,2025-07-21T12:00:00,6.38,53.0,51.5285,11.9943,0
SHP-003,SITE-018,2025-07-22T00:00:00,4.59,60.5,51.2134,12.2101,0
SHP-003,SITE-018,2025-07-22T12:00:00,3.78,64.5,51.6423,12.3744,0
SHP-003,SITE-018,2025-07-23T00:00:00,4.04,49.6,51.599,12.3812,0
SHP-003,SITE-018,2025-07-23T12:00:00,4.45,62.4,51.7386,12.5802,0
SHP-003,SITE-018,2025-07-24T00:00:00,4.54,48.3,51.913,12.8033,0
SHP-003,SITE-018,2025-07-24T12:00:00,6.26,52.2,51.8935,12.8603,0
SHP-004,SITE-002,2025-07-11T00:00:00,3.1,52.1,50.1764,9.9067,0
SHP-004,SITE-002,2025-07-11T04:00:00,5.44,39.2,50.2237,10.0811,0
SHP-004,SITE-002,2025-07-11T08:00:00,4.31,58.9,49.9454,10.1426,0
SHP-004,SITE-002,2025-07-11T12:00:00,7.04,39.5,50.0326,10.3196,0
SHP-004,SITE-002,2025-07-11T16:00:00,7.16,57.3,50.215,10.2578,0
SHP-004,SITE-002,2025-07-11T20:00:00,5.47,76.3,50.3334,10.3495,0
SHP-004,SITE-002,2025-07-12T00:00:00,5.57,57.4,50.4934,10.2589,0
SHP-004,SITE-002,2025-07-12T04:00:00,5.28,64.6,50.226,10.4232,0
SHP-004,SITE-002,2025-07-12T08:00:00,3.41,34.1,50.4333,10.5296,0
SHP-004,SITE-002,2025-07-12T12:00:00,3.71,58.4,50.5826,10.5872,0
SHP-004,SITE-002,2025-07-12T16:00:00,5.99,50.1,50.4676,10.7126,0
SHP-004,SITE-002,2025-07-12T21:00:00,5.1,44.1,50.4299,10.7893,0
SHP-004,SITE-002,2025-07-13T01:00:00,6.22,68.8,50.4728,10.7703,0
SHP-004,SITE-002,2025-07-13T05:00:00,3.96,42.2,50.7583,10.8551,0
SHP-004,SITE-002,2025-07-13T09:00:00,4.94,50.2,50.8622,10.9694,0
SHP-004,SITE-002,2025-07-13T13:00:00,4.07,45.9,50.7429,10.9844,0
SHP-004,SITE-002,2025-07-13T17:00:00,6.11,64.7,50.5373,11.1862,0
SHP-004,SITE-002,2025-07-13T21:00:00,4.89,60.4,50.9773,11.3271,0
SHP-004,SITE-002,2025-07-14T01:00:00,1.51,54.7,50.9483,11.2748,0
SHP-004,SITE-002,2025-07-14T05:00:00,6.78,43.4,50.7992,11.4224,0
SHP-004,SITE-002,2025-07-14T09:00:00,4.34,44.1,51.051,11.3514,0
SHP-004,SITE-002,2025-07-14T14:00:00,4.04,39.5,51.0188,11.6523,0
SHP-004,SITE-002,2025-07-14T18:00:00,5.28,57.3,51.0045,11.4758,0
SHP-004,SITE-002,2025-07-14T22:00:00,4.62,49.8,51.1553,11.6574,0
SHP-004,SITE-002,2025-07-15T02:00:00,6.73,55.3,51.2261,11.7687,0
SHP-004,SITE-002,2025-07-15T06:00:00,3.2,72.6,51.2678,11.7944,0
SHP-004,SITE-002,2025-07-15T10:00:00,3.4,39.8,51.132,11.7945,0
SHP-004,SITE-002,2025-07-15T14:00:00,7.34,50.8,51.4597,12.003,0
SHP-004,SITE-002,2025-07-15T18:00:00,6.61,62.1,51.2645,12.0379,0
SHP-004,SITE-002,2025-07-15T22:00:00,7.18,60.6,51.364,12.1984,0
SHP-004,SITE-002,2025-07-16T02:00:00,5.37,48.3,51.3134,12.2068,0
SHP-004,SITE-002,2025-07-16T07:00:00,6.72,56.3,51.4088,12.1866,0
SHP-004,SITE-002,2025-07-16T11:00:00,5.63,71.0,51.7266,12.1596,0
SHP-004,SITE-002,2025-07-16T15:00:00,7.39,65.9,51.7903,12.3568,0
SHP-004,SITE-002,2025-07-16T19:00:00,6.52,64.2,51.773,12.5036,0
SHP-004,SITE-002,2025-07-16T23:00:00,6.71,65.7,51.6421,12.2834,0
SHP-004,SITE-002,2025-07-17T03:00:00,4.41,39.4,51.8253,12.5856,0
SHP-004,SITE-002,2025-07-17T07:00:00,6.28,51.7,51.961,12.6891,0
SHP-004,SITE-002,2025-07-17T11:00:00,6.85,73.8,51.6115,12.8487,0
SHP-004,SITE-002,2025-07-17T15:00:00,5.26,44.8,51.8835,12.7934,0
SHP-004,SITE-002,2025-07-17T19:00:00,4.67,49.9,51.8547,12.9736,0
SHP-005,SITE-027,2025-07-12T00:00:00,7.34,62.1,50.2421,9.9719,0
SHP-005,SITE-027,2025-07-12T04:00:00,4.79,55.1,50.165,10.1368,0
SHP-005,SITE-027,2025-07-12T08:00:00,6.47,30.7,50.0738,10.238,0
SHP-005,SITE-027,2025-07-12T12:00:00,5.98,61.3,50.0739,10.1807,0
SHP-005,SITE-027,2025-07-12T17:00:00,4.43,60.4,50.2421,10.5755,0
SHP-005,SITE-027,2025-07-12T21:00:00,6.56,51.3,50.4296,10.5086,0
SHP-005,SITE-027,2025-07-13T01:00:00,6.13,69.3,50.4144,10.6357,0
SHP-005,SITE-027,2025-07-13T06:00:00,5.99,34.0,50.4236,10.6114,0
SHP-005,SITE-027,2025-07-13T10:00:00,2.36,46.5,50.5712,10.9074,0
SHP-005,SITE-027,2025-07-13T14:00:00,4.99,59.0,50.602,10.9378,0
SHP-005,SITE-027,2025-07-13T18:00:00,6.87,52.1,50.7689,10.8915,0
SHP-005,SITE-027,2025-07-13T23:00:00,4.19,46.2,50.7413,11.2859,0
SHP-005,SITE-027,2025-07-14T03:00:00,29.2,41.8,50.661,11.4008,1
SHP-005,SITE-027,2025-07-14T07:00:00,3.97,43.3,50.7297,11.4923,0
SHP-005,SITE-027,2025-07-14T12:00:00,6.36,47.0,50.8922,11.4874,0
SHP-005,SITE-027,2025-07-14T16:00:00,9.59,33.7,50.9926,11.5688,0
SHP-005,SITE-027,2025-07-14T20:00:00,6.53,67.5,51.1392,11.6304,0
SHP-005,SITE-027,2025-07-15T00:00:00,30.86,56.8,51.1913,11.7391,1
SHP-005,SITE-027,2025-07-15T05:00:00,3.71,54.4,51.3346,12.0738,0
SHP-005,SITE-027,2025-07-15T09:00:00,3.53,62.3,51.2865,12.1483,0
SHP-005,SITE-027,2025-07-15T13:00:00,6.95,54.6,51.4579,12.0961,0
SHP-005,SITE-027,2025-07-15T18:00:00,3.94,31.6,51.4835,12.2979,0
SHP-005,SITE-027,2025-07-15T22:00:00,7.58,77.8,51.4167,12.2784,0
SHP-005,SITE-027,2025-07-16T02:00:00,3.98,57.6,51.4991,12.4665,0
SHP-005,SITE-027,2025-07-16T06:00:00,3.81,43.1,51.5719,12.5863,0
SHP-005,SITE-027,2025-07-16T11:00:00,6.02,46.4,51.7179,12.4736,0
SHP-005,SITE-027,2025-07-16T15:00:00,6.86,51.0,51.9999,12.8591,0
SHP-005,SITE-027,2025-07-16T19:00:00,4.42,55.8,52.0502,13.0081,0
SHP-006,SITE-007,2025-07-09T00:00:00,6.85,46.2,49.93,10.1105,0
SHP-006,SITE-007,2025-07-09T04:00:00,6.73,47.7,50.1127,10.1038,0
SHP-006,SITE-007,2025-07-09T08:00:00,4.46,49.6,50.268,10.2952,0
SHP-006,SITE-007,2025-07-09T13:00:00,3.56,53.2,50.1,10.47,0
SHP-006,SITE-007,2025-07-09T17:00:00,5.5,57.8,50.4771,10.5076,0
SHP-006,SITE-007,2025-07-09T22:00:00,5.91,43.8,50.3486,10.4128,0
SHP-006,SITE-007,2025-07-10T02:00:00,4.6,55.5,50.6518,10.4885,0
SHP-006,SITE-007,2025-07-10T07:00:00,6.08,70.0,50.4579,10.7807,0
SHP-006,SITE-007,2025-07-10T11:00:00,5.6,55.8,50.6014,10.8775,0
SHP-006,SITE-007,2025-07-10T16:00:00,6.94,56.4,50.595,11.0041,0
SHP-006,SITE-007,2025-07-10T20:00:00,5.93,59.6,50.7372,11.0902,0
SHP-006,SITE-007,2025-07-11T00:00:00,1.5,49.0,50.8491,11.1707,0
SHP-006,SITE-007,2025-07-11T05:00:00,6.07,46.2,50.8823,11.2356,0
SHP-006,SITE-007,2025-07-11T09:00:00,4.68,55.3,51.0268,11.5105,0
SHP-006,SITE-007,2025-07-11T14:00:00,5.13,64.3,50.999,11.537,0
SHP-006,SITE-007,2025-07-11T18:00:00,4.8,69.7,51.0785,11.8226,0
SHP-006,SITE-007,2025-07-11T23:00:00,6.08,70.5,51.1672,11.9009,0
SHP-006,SITE-007,2025-07-12T03:00:00,2.9,60.5,51.2653,11.6392,0
SHP-006,SITE-007,2025-07-12T08:00:00,5.84,46.6,51.4201,11.9708,0
SHP-006,SITE-007,2025-07-12T12:00:00,5.03,63.6,51.5104,12.1583,0
SHP-006,SITE-007,2025-07-12T16:00:00,4.52,47.6,51.5578,12.3163,0
SHP-006,SITE-007,2025-07-12T21:00:00,3.02,32.8,51.5559,12.3615,0
SHP-006,SITE-007,2025-07-13T01:00:00,5.21,52.5,51.6585,12.5493,0
SHP-006,SITE-007,2025-07-13T06:00:00,3.49,57.9,51.7195,12.5723,0
SHP-006,SITE-007,2025-07-13T10:00:00,4.8,62.7,51.8866,12.6915,0
SHP-006,SITE-007,2025-07-13T15:00:00,6.98,63.4,51.9123,12.6735,0
SHP-006,SITE-007,2025-07-13T19:00:00,5.36,47.8,51.9525,12.9235,0
SHP-007,SITE-008,2025-07-07T00:00:00,3.88,46.4,50.1145,9.9492,0
SHP-007,SITE-008,2025-07-07T05:00:00,4.2,42.5,50.1581,10.0757,0
SHP-007,SITE-008,2025-07-07T10:00:00,4.08,50.4,50.3605,10.1673,0
SHP-007,SITE-008,2025-07-07T16:00:00,3.4,54.2,50.2849,10.2224,0
SHP-007,SITE-008,2025-07-07T21:00:00,7.0,48.3,50.3831,10.454,0
SHP-007,SITE-008,2025-07-08T02:00:00,4.39,55.1,50.1275,10.369,0
SHP-007,SITE-008,2025-07-08T08:00:00,3.85,44.1,50.4258,10.4444,0
SHP-007,SITE-008,2025-07-08T13:00:00,6.35,42.2,50.4588,10.6195,0
SHP-007,SITE-008,2025-07-08T18:00:00,5.61,66.8,50.3898,10.7853,0
SHP-007,SITE-008,2025-07-09T00:00:00,4.08,53.9,50.5966,10.8236,0
SHP-007,SITE-008,2025-07-09T05:00:00,6.11,54.1,50.5839,11.0631,0
SHP-007,SITE-008,2025-07-09T10:00:00,4.71,62.3,50.6228,10.9496,0
SHP-007,SITE-008,2025-07-09T16:00:00,7.29,58.2,50.7769,11.2464,0
SHP-007,SITE-008,2025-07-09T21:00:00,6.5,67.4,50.6574,10.9579,0
SHP-007,SITE-008,2025-07-10T02:00:00,5.05,54.4,50.921,11.1891,0
SHP-007,SITE-008,2025-07-10T08:00:00,2.41,30.3,50.9176,11.0453,0
SHP-007,SITE-008,2025-07-10T13:00:00,5.07,60.4,50.8738,11.4484,0
SHP-007,SITE-008,2025-07-10T18:00:00,28.89,54.7,50.8889,11.297,1
SHP-007,SITE-008,2025-07-11T00:00:00,6.87,58.8,50.8932,11.4151,0
SHP-007,SITE-008,2025-07-11T05:00:00,6.83,48.2,50.9573,11.5209,0
SHP-007,SITE-008,2025-07-11T10:00:00,6.85,57.2,51.171,11.774,0
SHP-007,SITE-008,2025-07-11T16:00:00,4.68,52.7,51.2029,11.8014,0
SHP-007,SITE-008,2025-07-11T21:00:00,29.39,39.2,51.4155,11.6608,1
SHP-007,SITE-008,2025-07-12T02:00:00,3.41,70.6,51.4749,11.9606,0
SHP-007,SITE-008,2025-07-12T08:00:00,5.61,62.3,51.4031,12.1819,0
SHP-007,SITE-008,2025-07-12T13:00:00,2.79,61.0,51.3742,12.1093,0
SHP-007,SITE-008,2025-07-12T18:00:00,4.89,53.2,51.5256,12.1274,0
SHP-007,SITE-008,2025-07-13T00:00:00,4.66,44.9,51.4222,12.3064,0
SHP-007,SITE-008,2025-07-13T05:00:00,5.64,57.3,51.5092,12.313,0
SHP-007,SITE-008,2025-07-13T10:00:00,8.39,52.5,51.5599,12.4364,0
SHP-007,SITE-008,2025-07-13T16:00:00,4.04,66.9,51.3861,12.3871,0
SHP-007,SITE-008,2025-07-13T21:00:00,5.34,54.0,51.8423,12.53,0
SHP-007,SITE-008,2025-07-14T02:00:00,5.56,44.4,51.6462,12.6653,0
SHP-007,SITE-008,2025-07-14T08:00:00,2.43,56.9,51.8572,12.8633,0
SHP-007,SITE-008,2025-07-14T13:00:00,3.33,51.1,51.9644,12.9313,0
SHP-007,SITE-008,2025-07-14T18:00:00,7.95,57.3,51.9416,13.0124,0
SHP-008,SITE-006,2025-07-08T00:00:00,7.46,73.9,49.965,10.1087,0
SHP-008,SITE-006,2025-07-08T03:00:00,7.51,33.8,49.9642,9.9535,0
SHP-008,SITE-006,2025-07-08T07:00:00,7.12,56.4,50.0624,10.0632,0
SHP-008,SITE-006,2025-07-08T10:00:00,4.62,60.9,50.173,10.1967,0
SHP-008,SITE-006,2025-07-08T14:00:00,4.35,53.1,50.073,10.1459,0
SHP-008,SITE-006,2025-07-08T17:00:00,8.32,52.3,50.1295,10.3148,0
SHP-008,SITE-006,2025-07-08T21:00:00,6.76,43.5,50.3404,10.3448,0
SHP-008,SITE-006,2025-07-09T01:00:00,5.62,42.4,50.3878,10.482,0
SHP-008,SITE-006,2025-07-09T04:00:00,2.71,50.9,50.2869,10.6364,0
SHP-008,SITE-006,2025-07-09T08:00:00,6.81,68.7,50.4265,10.7681,0
SHP-008,SITE-006,2025-07-09T11:00:00,3.88,51.9,50.37,10.6441,0
SHP-008,SITE-006,2025-07-09T15:00:00,6.97,55.4,50.4753,10.6204,0
SHP-008,SITE-006,2025-07-09T18:00:00,6.88,61.5,50.4631,10.6614,0
SHP-008,SITE-006,2025-07-09T22:00:00,6.18,53.3,50.5177,10.6999,0
SHP-008,SITE-006,2025-07-10T02:00:00,7.11,54.3,50.6893,10.8933,0
SHP-008,SITE-006,2025-07-10T05:00:00,2.97,51.9,50.7884,11.0254,0
SHP-008,SITE-006,2025-07-10T09:00:00,4.2,55.8,50.8332,11.0447,0
SHP-008,SITE-006,2025-07-10T12:00:00,4.71,38.0,50.8288,11.1086,0
SHP-008,SITE-006,2025-07-10T16:00:00,6.58,39.5,50.9295,11.0499,0
SHP-008,SITE-006,2025-07-10T19:00:00,6.28,49.2,50.742,11.1095,0
SHP-008,SITE-006,2025-07-10T23:00:00,5.18,46.1,50.9018,11.442,0
SHP-008,SITE-006,2025-07-11T03:00:00,6.04,58.0,50.792,11.4231,0
SHP-008,SITE-006,2025-07-11T06:00:00,4.51,45.2,50.7087,11.3571,0
SHP-008,SITE-006,2025-07-11T10:00:00,1.86,50.0,50.9383,11.5427,0
SHP-008,SITE-006,2025-07-11T13:00:00,5.05,56.0,50.7939,11.5017,0
SHP-008,SITE-006,2025-07-11T17:00:00,4.32,55.4,51.0567,11.5202,0
SHP-008,SITE-006,2025-07-11T20:00:00,4.57,71.5,50.9407,11.5621,0
SHP-008,SITE-006,2025-07-12T00:00:00,7.01,58.7,51.0823,11.5761,0
SHP-008,SITE-006,2025-07-12T04:00:00,5.31,45.1,51.2375,11.7145,0
SHP-008,SITE-006,2025-07-12T07:00:00,3.67,67.3,51.346,12.0977,0
SHP-008,SITE-006,2025-07-12T11:00:00,29.68,48.7,51.1574,11.9352,1
SHP-008,SITE-006,2025-07-12T14:00:00,28.35,59.8,51.3448,11.8915,1
SHP-008,SITE-006,2025-07-12T18:00:00,5.05,47.4,51.3507,11.9856,0
SHP-008,SITE-006,2025-07-12T21:00:00,7.18,46.7,51.42,11.9483,0
SHP-008,SITE-006,2025-07-13T01:00:00,8.09,31.7,51.5556,12.0813,0
SHP-008,SITE-006,2025-07-13T05:00:00,2.85,55.8,51.1992,12.2545,0
SHP-008,SITE-006,2025-07-13T08:00:00,5.43,56.0,51.4395,12.2556,0
SHP-008,SITE-006,2025-07-13T12:00:00,4.68,48.2,51.5461,12.3097,0
SHP-008,SITE-006,2025-07-13T15:00:00,5.41,58.3,51.7251,12.3043,0
SHP-008,SITE-006,2025-07-13T19:00:00,6.7,52.8,51.4771,12.514,0
SHP-008,SITE-006,2025-07-13T22:00:00,5.24,63.5,51.7579,12.5291,0
SHP-008,SITE-006,2025-07-14T02:00:00,2.67,56.0,51.7214,12.6637,0
SHP-008,SITE-006,2025-07-14T06:00:00,3.98,59.1,51.6085,12.637,0
SHP-008,SITE-006,2025-07-14T09:00:00,4.41,44.4,51.7792,12.9181,0
SHP-008,SITE-006,2025-07-14T13:00:00,4.5,62.7,51.6605,12.801,0
SHP-008,SITE-006,2025-07-14T16:00:00,3.62,42.6,51.9921,12.9341,0
SHP-008,SITE-006,2025-07-14T20:00:00,5.2,52.0,51.91,12.8376,0
SHP-009,SITE-010,2025-07-05T00:00:00,5.96,39.4,50.0685,10.2573,0
SHP-009,SITE-010,2025-07-05T05:00:00,4.79,54.9,49.8929,10.2227,0
SHP-009,SITE-010,2025-07-05T11:00:00,5.32,42.9,50.0342,10.2367,0
SHP-009,SITE-010,2025-07-05T17:00:00,4.29,62.4,50.0914,10.1835,0
SHP-009,SITE-010,2025-07-05T23:00:00,7.46,72.4,50.1044,10.2445,0
SHP-009,SITE-010,2025-07-06T05:00:00,6.26,47.0,50.4318,10.4043,0
SHP-009,SITE-010,2025-07-06T11:00:00,5.75,62.2,50.2216,10.2886,0
SHP-009,SITE-010,2025-07-06T16:00:00,4.43,64.5,50.3931,10.4673,0
SHP-009,SITE-010,2025-07-06T22:00:00,6.85,60.4,50.2827,10.5958,0
SHP-009,SITE-010,2025-07-07T04:00:00,5.72,53.7,50.4745,10.7018,0
SHP-009,SITE-010,2025-07-07T10:00:00,5.41,52.7,50.3159,10.5387,0
SHP-009,SITE-010,2025-07-07T16:00:00,8.25,46.7,50.7153,10.8148,0
SHP-009,SITE-010,2025-07-07T22:00:00,7.06,46.7,50.7288,10.9266,0
SHP-009,SITE-010,2025-07-08T04:00:00,7.3,60.3,50.5572,10.8989,0
SHP-009,SITE-010,2025-07-08T09:00:00,7.54,67.8,50.8038,10.9064,0
SHP-009,SITE-010,2025-07-08T15:00:00,4.95,60.8,50.6659,11.0161,0
SHP-009,SITE-010,2025-07-08T21:00:00,3.26,68.4,50.7587,11.2273,0
SHP-009,SITE-010,2025-07-09T03:00:00,3.47,64.8,50.9453,11.3278,0
SHP-009,SITE-010,2025-07-09T09:00:00,4.71,63.5,51.0149,11.1876,0
SHP-009,SITE-010,2025-07-09T15:00:00,4.28,50.4,50.7344,11.3355,0
SHP-009,SITE-010,2025-07-09T21:00:00,3.68,50.4,50.9671,11.4674,0
SHP-009,SITE-010,2025-07-10T02:00:00,4.89,77.2,50.9207,11.4082,0
SHP-009,SITE-010,2025-07-10T08:00:00,28.72,53.4,50.8278,11.5522,1
SHP-009,SITE-010,2025-07-10T14:00:00,2.52,43.5,51.0931,11.5552,0
SHP-009,SITE-010,2025-07-10T20:00:00,29.21,64.5,51.2277,11.9826,1
SHP-009,SITE-010,2025-07-11T02:00:00,3.82,47.5,51.2826,11.8086,0
SHP-009,SITE-010,2025-07-11T08:00:00,5.28,43.7,51.1569,11.9434,0
SHP-009,SITE-010,2025-07-11T14:00:00,4.77,53.1,51.4098,11.9537,0
SHP-009,SITE-010,2025-07-11T19:00:00,6.58,56.2,51.2651,12.1509,0
SHP-009,SITE-010,2025-07-12T01:00:00,5.91,59.7,51.4106,12.115,0
SHP-009,SITE-010,2025-07-12T07:00:00,1.45,73.0,51.5785,12.166,0
SHP-009,SITE-010,2025-07-12T13:00:00,2.59,63.4,51.7032,12.3192,0
SHP-009,SITE-010,2025-07-12T19:00:00,6.08,81.4,51.5531,12.2149,0
SHP-009,SITE-010,2025-07-13T01:00:00,3.37,50.9,51.6234,12.4108,0
SHP-009,SITE-010,2025-07-13T07:00:00,4.18,49.9,51.8451,12.4588,0
SHP-009,SITE-010,2025-07-13T12:00:00,5.71,46.9,51.7329,12.4409,0
SHP-009,SITE-010,2025-07-13T18:00:00,4.22,58.4,51.8157,12.7969,0
SHP-009,SITE-010,2025-07-14T00:00:00,5.8,68.2,51.8868,12.7695,0
SHP-009,SITE-010,2025-07-14T06:00:00,3.59,59.1,51.6067,12.7604,0
SHP-009,SITE-010,2025-07-14T12:00:00,4.19,61.3,52.0379,12.8772,0
SHP-009,SITE-010,2025-07-14T18:00:00,4.79,59.8,52.189,12.9048,0
SHP-010,SITE-006,2025-07-05T00:00:00,1.41,56.0,49.8859,9.9469,0
SHP-010,SITE-006,2025-07-05T07:00:00,3.72,57.9,50.073,10.0012,0
SHP-010,SITE-006,2025-07-05T14:00:00,5.71,53.0,50.3699,10.0177,0
SHP-010,SITE-006,2025-07-05T22:00:00,5.21,47.7,49.9006,10.32,0
SHP-010,SITE-006,2025-07-06T05:00:00,7.07,46.6,50.1909,10.2401,0
SHP-010,SITE-006,2025-07-06T12:00:00,3.95,72.6,50.0867,10.3701,0
SHP-010,SITE-006,2025-07-06T20:00:00,4.82,40.5,50.2853,10.5913,0
SHP-010,SITE-006,2025-07-07T03:00:00,4.29,68.1,50.5899,10.4666,0
SHP-010,SITE-006,2025-07-07T11:00:00,5.79,74.9,50.5367,10.675,0
SHP-010,SITE-006,2025-07-07T18:00:00,5.35,33.3,50.6294,10.7865,0
SHP-010,SITE-006,2025-07-08T01:00:00,7.81,54.2,50.5488,10.7181,0
SHP-010,SITE-006,2025-07-08T09:00:00,5.98,52.3,50.5448,10.8184,0
SHP-010,SITE-006,2025-07-08T16:00:00,5.35,63.6,50.6852,11.0628,0
SHP-010,SITE-006,2025-07-09T00:00:00,2.84,48.2,50.7448,11.0798,0
SHP-010,SITE-006,2025-07-09T07:00:00,5.32,31.3,50.7635,11.1274,0
SHP-010,SITE-006,2025-07-09T14:00:00,7.62,39.8,50.6721,10.9528,0
SHP-010,SITE-006,2025-07-09T22:00:00,3.71,42.4,50.836,11.3153,0
SHP-010,SITE-006,2025-07-10T05:00:00,4.02,59.0,50.6496,11.2922,0
SHP-010,SITE-006,2025-07-10T12:00:00,3.7,58.8,50.9818,11.4743,0
SHP-010,SITE-006,2025-07-10T20:00:00,4.89,37.8,51.1316,11.5349,0
SHP-010,SITE-006,2025-07-11T03:00:00,4.01,66.4,50.9743,11.4477,0
SHP-010,SITE-006,2025-07-11T11:00:00,4.82,48.2,51.1785,11.6169,0
SHP-010,SITE-006,2025-07-11T18:00:00,4.91,62.5,51.1403,11.8286,0
SHP-010,SITE-006,2025-07-12T01:00:00,5.34,54.6,51.1412,11.7585,0
SHP-010,SITE-006,2025-07-12T09:00:00,28.48,51.1,51.207,11.8944,1
SHP-010,SITE-006,2025-07-12T16:00:00,6.38,63.2,51.4481,11.9498,0
SHP-010,SITE-006,2025-07-13T00:00:00,2.74,59.3,51.3678,12.0418,0
SHP-010,SITE-006,2025-07-13T07:00:00,9.18,38.1,51.3085,12.1018,0
SHP-010,SITE-006,2025-07-13T14:00:00,4.79,34.1,51.4409,11.9461,0
SHP-010,SITE-006,2025-07-13T22:00:00,3.61,67.2,51.5311,12.2233,0
SHP-010,SITE-006,2025-07-14T05:00:00,3.24,58.7,51.5537,12.365,0
SHP-010,SITE-006,2025-07-14T12:00:00,6.39,56.8,51.4692,12.6125,0
SHP-010,SITE-006,2025-07-14T20:00:00,4.73,56.5,51.7481,12.4743,0
SHP-010,SITE-006,2025-07-15T03:00:00,5.34,47.7,51.5079,12.487,0
SHP-010,SITE-006,2025-07-15T11:00:00,5.38,74.9,51.9523,12.5784,0
SHP-010,SITE-006,2025-07-15T18:00:00,5.24,39.9,51.8712,12.9023,0
SHP-010,SITE-006,2025-07-16T01:00:00,5.32,64.4,51.5921,12.6355,0
SHP-010,SITE-006,2025-07-16T09:00:00,3.98,59.5,51.9957,12.7103,0
SHP-010,SITE-006,2025-07-16T16:00:00,5.33,56.6,51.7221,12.8256,0
SHP-011,SITE-011,2025-07-16T00:00:00,4.55,62.5,49.9081,10.0291,0
SHP-011,SITE-011,2025-07-16T08:00:00,3.91,50.8,49.929,10.2778,0
SHP-011,SITE-011,2025-07-16T17:00:00,5.79,48.8,50.2122,10.276,0
SHP-011,SITE-011,2025-07-17T01:00:00,6.04,59.3,49.9911,10.2936,0
SHP-011,SITE-011,2025-07-17T10:00:00,3.79,42.8,50.3773,10.3867,0
SHP-011,SITE-011,2025-07-17T18:00:00,4.91,54.2,50.4065,10.5464,0
SHP-011,SITE-011,2025-07-18T03:00:00,5.99,47.2,50.3959,10.5958,0
SHP-011,SITE-011,2025-07-18T12:00:00,7.58,67.4,50.6516,10.9013,0
SHP-011,SITE-011,2025-07-18T20:00:00,4.84,56.2,50.5083,10.9438,0
SHP-011,SITE-011,2025-07-19T05:00:00,5.0,62.4,50.6881,10.9403,0
SHP-011,SITE-011,2025-07-19T13:00:00,8.8,76.3,50.8033,11.1415,0
SHP-011,SITE-011,2025-07-19T22:00:00,5.65,61.5,50.7934,11.1888,0
SHP-011,SITE-011,2025-07-20T06:00:00,4.1,53.9,51.012,11.2066,0
SHP-011,SITE-011,2025-07-20T15:00:00,2.63,56.3,51.1345,11.5214,0
SHP-011,SITE-011,2025-07-21T00:00:00,7.01,68.6,51.044,11.482,0
SHP-011,SITE-011,2025-07-21T08:00:00,6.83,62.0,51.1052,11.6696,0
SHP-011,SITE-011,2025-07-21T17:00:00,2.6,72.1,51.0543,11.769,0
SHP-011,SITE-011,2025-07-22T01:00:00,2.75,57.9,51.3338,11.7954,0
SHP-011,SITE-011,2025-07-22T10:00:00,5.2,54.5,51.1528,12.0355,0
SHP-011,SITE-011,2025-07-22T18:00:00,6.1,59.2,51.203,12.1815,0
SHP-011,SITE-011,2025-07-23T03:00:00,7.46,54.4,51.4775,12.1057,0
SHP-011,SITE-011,2025-07-23T12:00:00,4.32,58.7,51.3568,12.1951,0
SHP-011,SITE-011,2025-07-23T20:00:00,6.15,49.3,51.5364,12.4634,0
SHP-011,SITE-011,2025-07-24T05:00:00,3.5,49.2,51.8347,12.4907,0
SHP-011,SITE-011,2025-07-24T13:00:00,6.37,45.5,51.8488,12.6946,0
SHP-011,SITE-011,2025-07-24T22:00:00,7.38,55.0,51.7095,12.6282,0
SHP-011,SITE-011,2025-07-25T06:00:00,1.5,54.3,51.9188,12.6213,0
SHP-011,SITE-011,2025-07-25T15:00:00,5.6,53.1,51.9779,12.9038,0
SHP-012,SITE-024,2025-07-16T00:00:00,3.08,52.1,50.0446,9.9648,0
SHP-012,SITE-024,2025-07-16T06:00:00,4.04,55.0,50.1843,9.8472,0
SHP-012,SITE-024,2025-07-16T12:00:00,4.72,58.2,49.9671,10.3259,0
SHP-012,SITE-024,2025-07-16T18:00:00,4.82,50.2,50.0878,10.1889,0
SHP-012,SITE-024,2025-07-17T00:00:00,5.89,40.1,50.1668,10.241,0
SHP-012,SITE-024,2025-07-17T06:00:00,4.64,60.9,50.3944,10.4536,0
SHP-012,SITE-024,2025-07-17T13:00:00,3.34,54.3,50.2094,10.4958,0
SHP-012,SITE-024,2025-07-17T19:00:00,3.41,57.8,50.3332,10.4802,0
SHP-012,SITE-024,2025-07-18T01:00:00,5.13,58.6,50.3759,10.5555,0
SHP-012,SITE-024,2025-07-18T07:00:00,6.67,54.2,50.493,10.6305,0
SHP-012,SITE-024,2025-07-18T13:00:00,6.36,38.1,50.7041,10.8336,0
SHP-012,SITE-024,2025-07-18T19:00:00,7.6,49.0,50.5811,10.8826,0
SHP-012,SITE-024,2025-07-19T02:00:00,3.83,54.4,50.5587,10.9714,0
SHP-012,SITE-024,2025-07-19T08:00:00,6.08,32.1,50.6384,11.0128,0
SHP-012,SITE-024,2025-07-19T14:00:00,6.4,38.2,50.865,11.288,0
SHP-012,SITE-024,2025-07-19T20:00:00,5.04,39.0,50.7012,11.2618,0
SHP-012,SITE-024,2025-07-20T02:00:00,4.44,72.7,51.0735,11.2953,0
SHP-012,SITE-024,2025-07-20T08:00:00,1.95,44.6,50.9917,11.4609,0
SHP-012,SITE-024,2025-07-20T15:00:00,5.92,46.0,50.9106,11.6493,0
SHP-012,SITE-024,2025-07-20T21:00:00,5.23,56.5,51.1344,11.8151,0
SHP-012,SITE-024,2025-07-21T03:00:00,5.18,58.7,51.3315,11.487,0
SHP-012,SITE-024,2025-07-21T09:00:00,7.44,66.5,51.2391,11.7837,0
SHP-012,SITE-024,2025-07-21T15:00:00,4.68,56.8,51.4943,11.8055,0
SHP-012,SITE-024,2025-07-21T21:00:00,5.16,59.0,51.4263,11.9161,0
SHP-012,SITE-024,2025-07-22T04:00:00,3.29,55.3,51.272,12.0874,0
SHP-012,SITE-024,2025-07-22T10:00:00,4.56,61.2,51.4843,12.192,0
SHP-012,SITE-024,2025-07-22T16:00:00,2.83,29.3,51.5505,12.2873,0
SHP-012,SITE-024,2025-07-22T22:00:00,5.45,39.7,51.5295,12.0792,0
SHP-012,SITE-024,2025-07-23T04:00:00,1.92,34.8,51.6344,12.2703,0
SHP-012,SITE-024,2025-07-23T10:00:00,5.88,57.0,51.6666,12.2648,0
SHP-012,SITE-024,2025-07-23T17:00:00,7.2,43.1,51.8548,12.7046,0
SHP-012,SITE-024,2025-07-23T23:00:00,4.22,56.2,51.7219,12.7308,0
SHP-012,SITE-024,2025-07-24T05:00:00,5.03,43.9,51.6881,12.7858,0
SHP-012,SITE-024,2025-07-24T11:00:00,5.86,66.4,52.0096,12.702,0
SHP-012,SITE-024,2025-07-24T17:00:00,6.57,68.7,51.9311,12.8942,0
SHP-013,SITE-014,2025-07-17T00:00:00,7.35,36.7,49.8832,9.9296,0
SHP-013,SITE-014,2025-07-17T03:00:00,3.5,55.7,49.9634,9.9095,0
SHP-013,SITE-014,2025-07-17T07:00:00,5.06,56.8,50.0721,10.0794,0
SHP-013,SITE-014,2025-07-17T11:00:00,3.77,48.0,49.9689,10.2066,0
SHP-013,SITE-014,2025-07-17T15:00:00,2.16,53.3,50.116,10.1356,0
SHP-013,SITE-014,2025-07-17T19:00:00,2.87,58.1,50.2682,10.2852,0
SHP-013,SITE-014,2025-07-17T22:00:00,7.57,51.5,50.3823,10.3789,0
SHP-013,SITE-014,2025-07-18T02:00:00,6.15,59.4,50.3332,10.4487,0
SHP-013,SITE-014,2025-07-18T06:00:00,6.36,64.2,50.4476,10.5501,0
SHP-013,SITE-014,2025-07-18T10:00:00,2.11,66.3,50.3838,10.5628,0
SHP-013,SITE-014,2025-07-18T14:00:00,5.83,72.3,50.4796,10.5874,0
SHP-013,SITE-014,2025-07-18T18:00:00,6.64,59.5,50.5589,10.8219,0
SHP-013,SITE-014,2025-07-18T21:00:00,4.73,39.8,50.6474,10.7464,0
SHP-013,SITE-014,2025-07-19T01:00:00,4.34,52.2,50.5514,10.8564,0
SHP-013,SITE-014,2025-07-19T05:00:00,6.52,64.0,50.4602,10.9403,0
SHP-013,SITE-014,2025-07-19T09:00:00,4.67,61.1,50.6695,11.0915,0
SHP-013,SITE-014,2025-07-19T13:00:00,2.28,33.4,50.7693,11.0797,0
SHP-013,SITE-014,2025-07-19T16:00:00,6.08,74.9,50.8175,11.0441,0
SHP-013,SITE-014,2025-07-19T20:00:00,6.47,70.8,50.8871,11.1921,0
SHP-013,SITE-014,2025-07-20T00:00:00,5.72,44.4,50.9788,11.3118,0
SHP-013,SITE-014,2025-07-20T04:00:00,3.97,62.5,50.8261,11.3276,0
SHP-013,SITE-014,2025-07-20T08:00:00,4.47,48.8,50.8807,11.4568,0
SHP-013,SITE-014,2025-07-20T12:00:00,3.45,26.1,50.9701,11.6412,0
SHP-013,SITE-014,2025-07-20T15:00:00,3.52,56.7,51.0475,11.7048,0
SHP-013,SITE-014,2025-07-20T19:00:00,5.35,47.2,51.1216,11.7226,0
SHP-013,SITE-014,2025-07-20T23:00:00,31.67,42.1,51.2764,11.7846,1
SHP-013,SITE-014,2025-07-21T03:00:00,3.71,61.9,51.2042,11.6893,0
SHP-013,SITE-014,2025-07-21T07:00:00,5.78,59.1,51.1041,11.7609,0
SHP-013,SITE-014,2025-07-21T10:00:00,29.1,64.0,51.3109,11.8602,1
SHP-013,SITE-014,2025-07-21T14:00:00,5.49,41.1,51.4956,12.0859,0
SHP-013,SITE-014,2025-07-21T18:00:00,2.23,73.0,51.3558,11.9799,0
SHP-013,SITE-014,2025-07-21T22:00:00,3.42,61.0,51.5471,12.1197,0
SHP-013,SITE-014,2025-07-22T02:00:00,4.78,51.3,51.3692,12.0914,0
SHP-013,SITE-014,2025-07-22T06:00:00,5.74,65.1,51.4048,12.2564,0
SHP-013,SITE-014,2025-07-22T09:00:00,3.01,67.4,51.4447,12.2757,0
SHP-013,SITE-014,2025-07-22T13:00:00,7.26,49.1,51.7052,12.3366,0
SHP-013,SITE-014,2025-07-22T17:00:00,4.94,57.7,51.5618,12.3858,0
SHP-013,SITE-014,2025-07-22T21:00:00,5.72,70.7,51.6434,12.5701,0
SHP-013,SITE-014,2025-07-23T01:00:00,4.98,63.3,51.657,12.681,0
SHP-013,SITE-014,2025-07-23T04:00:00,5.74,42.1,51.825,12.4438,0
SHP-013,SITE-014,2025-07-23T08:00:00,4.88,62.8,51.8803,12.7588,0
SHP-013,SITE-014,2025-07-23T12:00:00,3.21,63.8,51.9161,12.9175,0
SHP-013,SITE-014,2025-07-23T16:00:00,4.7,54.8,51.8504,12.8671,0
SHP-013,SITE-014,2025-07-23T20:00:00,3.07,76.5,52.0035,12.9176,0
SHP-014,SITE-027,2025-07-03T00:00:00,4.29,73.5,50.1081,9.9771,0
SHP-014,SITE-027,2025-07-03T04:00:00,8.49,43.2,50.0346,10.26,0
SHP-014,SITE-027,2025-07-03T08:00:00,6.78,48.6,49.9651,10.168,0
SHP-014,SITE-027,2025-07-03T13:00:00,7.03,47.5,50.1331,10.136,0
SHP-014,SITE-027,2025-07-03T17:00:00,6.16,56.8,50.147,10.4526,0
SHP-014,SITE-027,2025-07-03T21:00:00,4.12,52.8,50.1931,10.41,0
SHP-014,SITE-027,2025-07-04T02:00:00,3.18,40.9,50.4802,10.594,0
SHP-014,SITE-027,2025-07-04T06:00:00,4.03,45.4,50.4543,10.6841,0
SHP-014,SITE-027,2025-07-04T10:00:00,5.85,60.0,50.3092,10.7883,0
SHP-014,SITE-027,2025-07-04T15:00:00,5.2,49.9,50.6026,10.767,0
SHP-014,SITE-027,2025-07-04T19:00:00,4.88,59.9,50.5509,10.6813,0
SHP-014,SITE-027,2025-07-05T00:00:00,7.45,68.3,50.7453,10.8961,0
SHP-014,SITE-027,2025-07-05T04:00:00,6.18,54.4,50.6468,11.0191,0
SHP-014,SITE-027,2025-07-05T08:00:00,4.67,67.6,50.7305,11.1108,0
SHP-014,SITE-027,2025-07-05T13:00:00,6.52,69.5,50.804,11.261,0
SHP-014,SITE-027,2025-07-05T17:00:00,5.99,46.1,50.8445,11.3874,0
SHP-014,SITE-027,2025-07-05T21:00:00,3.94,64.3,50.8996,11.5306,0
SHP-014,SITE-027,2025-07-06T02:00:00,5.89,55.9,50.9882,11.3713,0
SHP-014,SITE-027,2025-07-06T06:00:00,3.22,73.5,51.257,11.581,0
SHP-014,SITE-027,2025-07-06T10:00:00,24.63,57.0,51.1921,11.76,1
SHP-014,SITE-027,2025-07-06T15:00:00,4.02,49.1,51.1565,11.9728,0
SHP-014,SITE-027,2025-07-06T19:00:00,5.53,55.5,51.321,11.8438,0
SHP-014,SITE-027,2025-07-07T00:00:00,3.21,63.2,51.3443,12.0279,0
SHP-014,SITE-027,2025-07-07T04:00:00,4.97,52.2,51.4522,12.1491,0
SHP-014,SITE-027,2025-07-07T08:00:00,5.56,62.2,51.4595,11.8707,0
SHP-014,SITE-027,2025-07-07T13:00:00,6.29,68.7,51.5822,12.2524,0
SHP-014,SITE-027,2025-07-07T17:00:00,6.92,57.0,51.5452,12.3439,0
SHP-014,SITE-027,2025-07-07T21:00:00,5.54,46.4,51.8631,12.4133,0
SHP-014,SITE-027,2025-07-08T02:00:00,2.58,35.9,51.7242,12.4952,0
SHP-014,SITE-027,2025-07-08T06:00:00,4.84,54.3,51.7885,12.5419,0
SHP-014,SITE-027,2025-07-08T10:00:00,4.66,49.1,51.762,12.8775,0
SHP-014,SITE-027,2025-07-08T15:00:00,4.37,67.3,51.7759,12.8965,0
SHP-014,SITE-027,2025-07-08T19:00:00,5.66,60.5,51.9835,12.8479,0
SHP-015,SITE-014,2025-07-10T00:00:00,4.8,70.9,50.009,10.0621,0
SHP-015,SITE-014,2025-07-10T02:00:00,2.16,59.0,50.2893,10.011,0
SHP-015,SITE-014,2025-07-10T05:00:00,3.15,58.9,50.1306,10.1425,0
SHP-015,SITE-014,2025-07-10T08:00:00,7.79,46.9,50.2209,10.1197,0
SHP-015,SITE-014,2025-07-10T11:00:00,2.86,55.3,50.2641,10.2637,0
SHP-015,SITE-014,2025-07-10T13:00:00,6.69,74.5,50.2084,10.5944,0
SHP-015,SITE-014,2025-07-10T16:00:00,4.14,73.6,50.4215,10.4093,0
SHP-015,SITE-014,2025-07-10T19:00:00,4.19,62.6,50.2109,10.484,0
SHP-015,SITE-014,2025-07-10T22:00:00,3.52,66.0,50.5711,10.5339,0
SHP-015,SITE-014,2025-07-11T01:00:00,4.16,60.6,50.2637,10.6647,0
SHP-015,SITE-014,2025-07-11T03:00:00,7.9,69.5,50.4994,10.5797,0
SHP-015,SITE-014,2025-07-11T06:00:00,4.47,42.4,50.4151,10.6419,0
SHP-015,SITE-014,2025-07-11T09:00:00,5.12,63.0,50.4479,10.9349,0
SHP-015,SITE-014,2025-07-11T12:00:00,4.26,55.1,50.8196,10.8931,0
SHP-015,SITE-014,2025-07-11T15:00:00,2.28,48.7,50.758,11.0029,0
SHP-015,SITE-014,2025-07-11T17:00:00,2.76,60.5,50.541,10.923,0
SHP-015,SITE-014,2025-07-11T20:00:00,3.46,56.5,50.8194,11.0879,0
SHP-015,SITE-014,2025-07-11T23:00:00,3.78,54.1,50.7883,11.083,0
SHP-015,SITE-014,2025-07-12T02:00:00,32.35,56.1,50.8089,11.1918,1
SHP-015,SITE-014,2025-07-12T05:00:00,29.4,38.0,50.8499,11.3694,1
SHP-015,SITE-014,2025-07-12T07:00:00,4.63,62.9,50.9451,11.5773,0
SHP-015,SITE-014,2025-07-12T10:00:00,3.33,54.0,51.0247,11.509,0
SHP-015,SITE-014,2025-07-12T13:00:00,6.01,54.9,51.0026,11.4567,0
SHP-015,SITE-014,2025-07-12T16:00:00,2.83,62.1,51.0074,11.4573,0
SHP-015,SITE-014,2025-07-12T18:00:00,5.81,60.2,51.2639,11.5272,0
SHP-015,SITE-014,2025-07-12T21:00:00,5.1,47.6,51.2202,11.7824,0
SHP-015,SITE-014,2025-07-13T00:00:00,5.16,44.7,50.9507,11.7013,0
SHP-015,SITE-014,2025-07-13T03:00:00,4.18,46.9,51.1564,12.0154,0
SHP-015,SITE-014,2025-07-13T06:00:00,3.16,51.0,51.3385,11.8841,0
SHP-015,SITE-014,2025-07-13T08:00:00,3.91,61.1,51.306,11.9755,0
SHP-015,SITE-014,2025-07-13T11:00:00,5.1,57.6,51.1977,12.2562,0
SHP-015,SITE-014,2025-07-13T14:00:00,5.35,67.1,51.2241,12.3317,0
SHP-015,SITE-014,2025-07-13T17:00:00,4.82,55.6,51.5477,12.11,0
SHP-015,SITE-014,2025-07-13T20:00:00,6.09,46.2,51.5333,12.2876,0
SHP-015,SITE-014,2025-07-13T22:00:00,5.41,48.5,51.4646,12.3011,0
SHP-015,SITE-014,2025-07-14T01:00:00,5.93,49.8,51.5918,12.5121,0
SHP-015,SITE-014,2025-07-14T04:00:00,4.85,60.0,51.3893,12.3751,0
SHP-015,SITE-014,2025-07-14T07:00:00,4.32,59.2,51.621,12.6206,0
SHP-015,SITE-014,2025-07-14T10:00:00,4.66,59.2,51.6367,12.6251,0
SHP-015,SITE-014,2025-07-14T12:00:00,3.19,50.6,51.7263,12.7173,0
SHP-015,SITE-014,2025-07-14T15:00:00,3.32,59.5,51.6081,12.7052,0
SHP-015,SITE-014,2025-07-14T18:00:00,5.42,51.3,51.8256,12.8828,0
SHP-015,SITE-014,2025-07-14T21:00:00,4.36,42.8,51.9703,13.1391,0
SHP-016,SITE-009,2025-07-01T00:00:00,4.87,53.6,50.048,9.9848,0
SHP-016,SITE-009,2025-07-01T10:00:00,5.21,59.3,49.8161,10.1481,0
SHP-016,SITE-009,2025-07-01T20:00:00,6.62,55.2,50.2245,10.2606,0
SHP-016,SITE-009,2025-07-02T07:00:00,2.69,67.0,50.1461,10.3561,0
SHP-016,SITE-009,2025-07-02T17:00:00,3.98,55.2,50.2295,10.433,0
SHP-016,SITE-009,2025-07-03T04:00:00,3.01,53.2,50.4154,10.4001,0
SHP-016,SITE-009,2025-07-03T14:00:00,4.62,53.9,50.2994,10.7362,0
SHP-016,SITE-009,2025-07-04T00:00:00,3.58,76.1,50.4549,10.6001,0
SHP-016,SITE-009,2025-07-04T11:00:00,5.0,61.0,50.7123,10.7528,0
SHP-016,SITE-009,2025-07-04T21:00:00,5.04,59.5,50.5496,10.7899,0
SHP-016,SITE-009,2025-07-05T08:00:00,5.41,61.6,50.792,11.1508,0
SHP-016,SITE-009,2025-07-05T18:00:00,3.49,67.0,50.7401,11.2466,0
SHP-016,SITE-009,2025-07-06T04:00:00,6.44,54.9,50.6729,11.2292,0
SHP-016,SITE-009,2025-07-06T15:00:00,4.99,46.4,50.8373,11.3792,0
SHP-016,SITE-009,2025-07-07T01:00:00,3.33,60.9,50.857,11.4391,0
SHP-016,SITE-009,2025-07-07T12:00:00,3.95,55.4,51.0268,11.4374,0
SHP-016,SITE-009,2025-07-07T22:00:00,2.15,35.1,51.1077,11.5327,0
SHP-016,SITE-009,2025-07-08T08:00:00,3.36,50.5,51.2092,11.701,0
SHP-016,SITE-009,2025-07-08T19:00:00,26.69,40.3,51.0689,11.845,1
SHP-016,SITE-009,2025-07-09T05:00:00,3.0,55.5,51.3431,11.839,0
SHP-016,SITE-009,2025-07-09T16:00:00,7.76,58.4,51.364,11.8561,0
SHP-016,SITE-009,2025-07-10T02:00:00,3.76,51.3,51.5421,12.1042,0
SHP-016,SITE-009,2025-07-10T12:00:00,5.46,62.9,51.5112,12.2455,0
SHP-016,SITE-009,2025-07-10T23:00:00,4.85,66.1,51.5213,12.2686,0
SHP-016,SITE-009,2025-07-11T09:00:00,3.31,44.9,51.6202,12.2257,0
SHP-016,SITE-009,2025-07-11T20:00:00,2.6,38.2,51.6738,12.6588,0
SHP-016,SITE-009,2025-07-12T06:00:00,4.03,62.6,51.5699,12.5833,0
SHP-016,SITE-009,2025-07-12T16:00:00,4.03,65.5,51.6087,12.7257,0
SHP-016,SITE-009,2025-07-13T03:00:00,2.97,66.4,51.8678,12.7241,0
SHP-016,SITE-009,2025-07-13T13:00:00,3.61,55.7,51.8775,12.7654,0
SHP-017,SITE-023,2025-07-03T00:00:00,3.9,45.9,49.9541,10.1104,0
SHP-017,SITE-023,2025-07-03T07:00:00,6.14,54.6,49.9309,10.035,0
SHP-017,SITE-023,2025-07-03T14:00:00,6.1,56.7,50.0804,10.2357,0
SHP-017,SITE-023,2025-07-03T22:00:00,6.83,61.8,50.3322,10.0566,0
SHP-017,SITE-023,2025-07-04T05:00:00,6.75,53.2,50.0566,10.3956,0
SHP-017,SITE-023,2025-07-04T13:00:00,6.98,59.7,50.1547,10.2977,0
SHP-017,SITE-023,2025-07-04T20:00:00,6.4,43.0,50.175,10.5674,0
SHP-017,SITE-023,2025-07-05T04:00:00,5.15,61.8,50.3606,10.5003,0
SHP-017,SITE-023,2025-07-05T11:00:00,4.76,51.8,50.4222,10.6584,0
SHP-017,SITE-023,2025-07-05T18:00:00,4.63,67.6,50.4107,10.35,0
SHP-017,SITE-023,2025-07-06T02:00:00,5.7,79.3,50.4065,10.5779,0
SHP-017,SITE-023,2025-07-06T09:00:00,4.29,42.4,50.4728,10.8235,0
SHP-017,SITE-023,2025-07-06T17:00:00,4.47,43.5,50.5253,10.8125,0
SHP-017,SITE-023,2025-07-07T00:00:00,4.87,54.9,50.4827,10.7767,0
SHP-017,SITE-023,2025-07-07T08:00:00,3.69,48.7,50.7619,11.0863,0
SHP-017,SITE-023,2025-07-07T15:00:00,4.14,39.7,50.6374,10.9298,0
SHP-017,SITE-023,2025-07-07T22:00:00,4.88,46.6,50.5764,11.2055,0
SHP-017,SITE-023,2025-07-08T06:00:00,6.97,50.4,50.8545,11.2655,0
SHP-017,SITE-023,2025-07-08T13:00:00,6.38,58.8,50.8092,11.2159,0
SHP-017,SITE-023,2025-07-08T21:00:00,4.67,53.9,50.9027,11.4118,0
SHP-017,SITE-023,2025-07-09T04:00:00,27.49,55.9,50.8615,11.358,1
SHP-017,SITE-023,2025-07-09T12:00:00,6.64,67.7,51.0292,11.551,0
SHP-017,SITE-023,2025-07-09T19:00:00,7.21,49.3,50.9794,11.4478,0
SHP-017,SITE-023,2025-07-10T02:00:00,7.09,54.5,51.1622,11.61,0
SHP-017,SITE-023,2025-07-10T10:00:00,4.87,75.8,51.1187,11.6822,0
SHP-017,SITE-023,2025-07-10T17:00:00,3.97,42.5,51.1851,11.6219,0
SHP-017,SITE-023,2025-07-11T01:00:00,6.71,65.0,51.1524,12.0488,0
SHP-017,SITE-023,2025-07-11T08:00:00,6.3,51.7,51.2206,11.7576,0
SHP-017,SITE-023,2025-07-11T16:00:00,6.48,38.8,51.3985,11.8887,0
SHP-017,SITE-023,2025-07-11T23:00:00,5.28,35.4,51.4756,12.0989,0
SHP-017,SITE-023,2025-07-12T06:00:00,4.29,72.3,51.5568,12.0966,0
SHP-017,SITE-023,2025-07-12T14:00:00,5.76,47.0,51.3932,11.9975,0
SHP-017,SITE-023,2025-07-12T21:00:00,4.58,50.6,51.5917,12.209,0
SHP-017,SITE-023,2025-07-13T05:00:00,7.13,44.6,51.4973,12.36,0
SHP-017,SITE-023,2025-07-13T12:00:00,4.77,63.2,51.6526,12.3629,0
SHP-017,SITE-023,2025-07-13T20:00:00,2.72,37.0,51.6671,12.6585,0
SHP-017,SITE-023,2025-07-14T03:00:00,6.5,47.9,51.6794,12.5882,0
SHP-017,SITE-023,2025-07-14T10:00:00,6.36,64.0,51.7475,12.5355,0
SHP-017,SITE-023,2025-07-14T18:00:00,4.87,44.4,51.8309,12.6996,0
SHP-017,SITE-023,2025-07-15T01:00:00,5.62,58.0,51.6903,12.8578,0
SHP-017,SITE-023,2025-07-15T09:00:00,6.1,57.3,51.8326,12.7379,0
SHP-017,SITE-023,2025-07-15T16:00:00,7.41,70.7,51.9192,13.0388,0
SHP-018,SITE-024,2025-07-01T00:00:00,8.8,48.9,50.0873,9.8543,0
SHP-018,SITE-024,2025-07-01T04:00:00,6.76,53.2,50.1299,10.1384,0
SHP-018,SITE-024,2025-07-01T09:00:00,5.27,43.6,50.0121,10.1614,0
SHP-018,SITE-024,2025-07-01T14:00:00,5.86,66.1,50.2937,10.038,0
SHP-018,SITE-024,2025-07-01T19:00:00,4.76,53.1,50.1709,10.1707,0
SHP-018,SITE-024,2025-07-02T00:00:00,9.35,53.6,50.2412,10.3048,0
SHP-018,SITE-024,2025-07-02T05:00:00,5.78,55.7,50.2835,10.46,0
SHP-018,SITE-024,2025-07-02T10:00:00,5.55,50.0,50.2652,10.5558,0
SHP-018,SITE-024,2025-07-02T15:00:00,6.42,62.6,50.5435,10.7278,0
SHP-018,SITE-024,2025-07-02T20:00:00,2.87,39.2,50.5678,10.9411,0
SHP-018,SITE-024,2025-07-03T01:00:00,4.63,36.4,50.4971,10.836,0
SHP-018,SITE-024,2025-07-03T06:00:00,5.22,43.3,50.774,10.9609,0
SHP-018,SITE-024,2025-07-03T11:00:00,5.33,65.3,50.6718,11.0076,0
SHP-018,SITE-024,2025-07-03T16:00:00,5.43,55.9,50.7645,11.0593,0
SHP-018,SITE-024,2025-07-03T21:00:00,29.02,54.7,50.7279,11.2268,1
SHP-018,SITE-024,2025-07-04T02:00:00,5.2,56.7,50.9543,11.2605,0
SHP-018,SITE-024,2025-07-04T07:00:00,3.69,58.5,50.8125,11.282,0
SHP-018,SITE-024,2025-07-04T12:00:00,4.36,68.6,50.8947,11.4284,0
SHP-018,SITE-024,2025-07-04T16:00:00,27.72,49.3,51.1447,11.5275,1
SHP-018,SITE-024,2025-07-04T21:00:00,29.29,35.5,51.09,11.5606,1
SHP-018,SITE-024,2025-07-05T02:00:00,5.15,39.1,51.1125,11.5578,0
SHP-018,SITE-024,2025-07-05T07:00:00,4.9,35.1,51.3538,12.0175,0
SHP-018,SITE-024,2025-07-05T12:00:00,6.82,58.3,51.3023,12.1066,0
SHP-018,SITE-024,2025-07-05T17:00:00,5.06,53.5,51.2537,11.9927,0
SHP-018,SITE-024,2025-07-05T22:00:00,2.51,59.7,51.5484,12.2901,0
SHP-018,SITE-024,2025-07-06T03:00:00,5.78,48.3,51.5619,12.2105,0
SHP-018,SITE-024,2025-07-06T08:00:00,3.95,50.0,51.5329,12.2715,0
SHP-018,SITE-024,2025-07-06T13:00:00,4.9,52.9,51.6264,12.3415,0
SHP-018,SITE-024,2025-07-06T18:00:00,3.09,56.7,51.5969,12.3536,0
SHP-018,SITE-024,2025-07-06T23:00:00,4.15,59.0,51.6617,12.4296,0
SHP-018,SITE-024,2025-07-07T04:00:00,5.83,36.2,51.8129,12.4775,0
SHP-018,SITE-024,2025-07-07T09:00:00,3.4,64.1,51.7604,12.8184,0
SHP-018,SITE-024,2025-07-07T14:00:00,7.39,58.8,51.8933,13.0099,0
SHP-018,SITE-024,2025-07-07T19:00:00,5.56,62.7,51.9167,13.0399,0
SHP-019,SITE-025,2025-07-10T00:00:00,7.16,49.7,50.0922,9.9393,0
SHP-019,SITE-025,2025-07-10T11:00:00,5.63,46.8,50.0835,10.2598,0
SHP-019,SITE-025,2025-07-10T22:00:00,6.1,50.8,50.2396,10.2056,0
SHP-019,SITE-025,2025-07-11T09:00:00,5.0,77.6,50.2411,10.4736,0
SHP-019,SITE-025,2025-07-11T20:00:00,5.16,49.5,50.4139,10.4849,0
SHP-019,SITE-025,2025-07-12T07:00:00,5.52,66.9,50.4209,10.5325,0
SHP-019,SITE-025,2025-07-12T18:00:00,1.97,67.8,50.3803,10.6926,0
SHP-019,SITE-025,2025-07-13T06:00:00,5.49,58.7,50.373,10.7407,0
SHP-019,SITE-025,2025-07-13T17:00:00,8.11,68.4,50.6157,10.9089,0
SHP-019,SITE-025,2025-07-14T04:00:00,4.2,71.3,50.7096,10.7748,0
SHP-019,SITE-025,2025-07-14T15:00:00,3.96,75.9,50.5008,11.0157,0
SHP-019,SITE-025,2025-07-15T02:00:00,3.99,39.2,50.7296,11.1819,0
SHP-019,SITE-025,2025-07-15T13:00:00,3.52,53.2,50.856,11.1992,0
SHP-019,SITE-025,2025-07-16T00:00:00,4.44,56.4,50.8825,11.2851,0
SHP-019,SITE-025,2025-07-16T12:00:00,6.65,56.9,51.0835,11.4752,0
SHP-019,SITE-025,2025-07-16T23:00:00,7.18,70.3,51.1964,11.6246,0
SHP-019,SITE-025,2025-07-17T10:00:00,4.14,46.7,51.2062,11.6441,0
SHP-019,SITE-025,2025-07-17T21:00:00,3.1,61.1,51.3632,11.9661,0
SHP-019,SITE-025,2025-07-18T08:00:00,29.41,56.3,51.2197,11.9116,1
SHP-019,SITE-025,2025-07-18T19:00:00,5.82,50.1,51.4276,12.1816,0
SHP-019,SITE-025,2025-07-19T06:00:00,3.03,35.6,51.5142,12.1132,0
SHP-019,SITE-025,2025-07-19T18:00:00,4.58,58.9,51.6677,12.3487,0
SHP-019,SITE-025,2025-07-20T05:00:00,3.68,45.5,51.4639,12.4713,0
SHP-019,SITE-025,2025-07-20T16:00:00,4.93,66.5,51.7698,12.3815,0
SHP-019,SITE-025,2025-07-21T03:00:00,3.42,54.4,51.7346,12.6888,0
SHP-019,SITE-025,2025-07-21T14:00:00,5.19,51.6,51.8655,12.7073,0
SHP-019,SITE-025,2025-07-22T01:00:00,6.01,43.8,51.8287,12.7357,0
SHP-019,SITE-025,2025-07-22T12:00:00,4.69,62.1,51.9189,12.9271,0
SHP-020,SITE-026,2025-07-12T00:00:00,4.06,39.6,50.1374,9.9401,0
SHP-020,SITE-026,2025-07-12T03:00:00,4.53,54.5,50.0699,10.2756,0
SHP-020,SITE-026,2025-07-12T07:00:00,6.35,66.0,49.9175,10.0738,0
SHP-020,SITE-026,2025-07-12T11:00:00,4.65,50.7,50.2446,10.3539,0
SHP-020,SITE-026,2025-07-12T15:00:00,4.88,54.1,50.3997,10.2357,0
SHP-020,SITE-026,2025-07-12T18:00:00,4.68,57.9,50.2119,10.3531,0
SHP-020,SITE-026,2025-07-12T22:00:00,4.6,53.6,50.2901,10.5677,0
SHP-020,SITE-026,2025-07-13T02:00:00,3.98,62.0,50.3868,10.389,0
SHP-020,SITE-026,2025-07-13T06:00:00,5.63,43.8,50.4526,10.6341,0
SHP-020,SITE-026,2025-07-13T10:00:00,5.62,71.5,50.4931,10.646,0
SHP-020,SITE-026,2025-07-13T13:00:00,4.08,60.3,50.3898,10.9291,0
SHP-020,SITE-026,2025-07-13T17:00:00,3.29,67.7,50.4729,10.8224,0
SHP-020,SITE-026,2025-07-13T21:00:00,4.51,67.2,50.8312,10.8828,0
SHP-020,SITE-026,2025-07-14T01:00:00,6.07,55.2,50.6017,10.8921,0
SHP-020,SITE-026,2025-07-14T05:00:00,2.41,74.7,50.8673,11.1053,0
SHP-020,SITE-026,2025-07-14T08:00:00,5.09,42.3,50.7424,11.2307,0
SHP-020,SITE-026,2025-07-14T12:00:00,5.89,73.6,50.6527,11.3725,0
SHP-020,SITE-026,2025-07-14T16:00:00,2.6,62.3,50.9077,11.2942,0
SHP-020,SITE-026,2025-07-14T20:00:00,6.95,53.4,50.9476,11.4316,0
SHP-020,SITE-026,2025-07-15T00:00:00,5.46,56.3,51.0004,11.6899,0
SHP-020,SITE-026,2025-07-15T03:00:00,4.19,56.6,51.0118,11.4573,0
SHP-020,SITE-026,2025-07-15T07:00:00,3.7,50.5,51.078,11.5267,0
SHP-020,SITE-026,2025-07-15T11:00:00,6.88,52.8,51.1417,11.8666,0
SHP-020,SITE-026,2025-07-15T15:00:00,6.76,45.1,51.1323,11.976,0
SHP-020,SITE-026,2025-07-15T18:00:00,34.37,65.0,51.3844,11.837,1
SHP-020,SITE-026,2025-07-15T22:00:00,0.85,63.2,51.3418,11.9147,0
SHP-020,SITE-026,2025-07-16T02:00:00,5.83,39.7,51.3982,12.0772,0
SHP-020,SITE-026,2025-07-16T06:00:00,7.27,47.9,51.4701,12.1856,0
SHP-020,SITE-026,2025-07-16T10:00:00,5.18,65.9,51.3364,12.049,0
SHP-020,SITE-026,2025-07-16T13:00:00,6.25,55.5,51.4641,12.2116,0
SHP-020,SITE-026,2025-07-16T17:00:00,5.16,52.0,51.5436,12.3049,0
SHP-020,SITE-026,2025-07-16T21:00:00,5.37,47.1,51.6773,12.3596,0
SHP-020,SITE-026,2025-07-17T01:00:00,4.81,48.3,51.554,12.5978,0
SHP-020,SITE-026,2025-07-17T05:00:00,6.79,57.4,51.6226,12.5628,0
SHP-020,SITE-026,2025-07-17T08:00:00,6.83,56.8,51.8831,12.7297,0
SHP-020,SITE-026,2025-07-17T12:00:00,5.49,35.0,51.914,12.5797,0
SHP-020,SITE-026,2025-07-17T16:00:00,4.63,69.7,51.9804,13.103,0
SHP-020,SITE-026,2025-07-17T20:00:00,4.29,60.5,52.0329,12.8946,0
